Sektion,Energiefluss,EnergieInhalt,Teilenergien,,,,,,,Speicher Energiemix,,,,,,,MixFluss,,,,,,
,,,-1,0,1,2,3,4,5,-1,0,1,2,3,4,5,-1,0,1,2,3,4,5
-1,3,3,3.00000,,,,,,,1.00000,,,,,,,3.00000,,,,,,
0,0.25,3.25,3.00000,0.25000,,,,,,0.92308,0.07692,,,,,,,,,,,,
1,-0.6,2.65,2.44615,0.20385,0.00000,,,,,0.92308,0.07692,0.00000,,,,,-0.55385,-0.04615,0.00000,,,,
2,0.25,2.9,2.44615,0.20385,0.00000,0.25000,,,,0.84350,0.07029,0.00000,0.08621,,,,,,,,,,
3,-0.6,2.3,1.94005,0.16167,0.00000,0.19828,0.00000,,,0.84350,0.07029,0.00000,0.08621,0.00000,,,-0.50610,0.16167,0.00000,0.01394,0.00000,,
4,0.25,2.55,1.94005,0.16167,0.00000,0.19828,0.00000,0.25000,,0.76081,0.06340,0.00000,0.07776,0.00000,0.09804,,,,,,,,
5,-0.6,1.95,1.48357,0.12363,0.00000,0.15162,0.00000,0.19118,0.00000,0.76081,0.06340,0.00000,0.07776,0.00000,0.09804,0.00000,-0.45648,0.12363,0.00000,0.00961,0.00000,0.01486,0.00000
